﻿Name,Category,Description,Picture,Price,Status
iPhone 17 Pro,Apple,,Item%20Tracker/Item%20Tracker/iPhone%2017%20Pro/6432fe80745e23cba6d9cc5288c8ce9d.jpg,"IDR 21,000,000.00",Wishlist
iPhone 15 Pro,Apple,,Item%20Tracker/Item%20Tracker/iPhone%2015%20Pro/642512441702fb089ff7132fa25d79a7.jpg,"IDR 19,500,000.00",Daily use
iPad Pro Cia,Apple,iPad Pro for studies.,Item%20Tracker/Item%20Tracker/iPad%20Pro%20Cia/9e0c3f38c58846dc80d8daeb054128b6.jpg,"IDR 17,000,000.00",Wishlist
Macbook Pro M3,Apple,Daru’s Working Asset,Item%20Tracker/Item%20Tracker/Macbook%20Pro%20M3/91b856f01b598cf83ef96f327c541f11.jpg,"IDR 34,000,000.00",Wishlist
Asus Zenbook 14 OLED,ASUS,,Item%20Tracker/Item%20Tracker/Asus%20Zenbook%2014%20OLED/19d76da823c2e3466b7546868ef2b3be.jpg,"IDR 21,000,000.00",Daily use
Bean Bag,Home Furniture,Buat santuy.,Item%20Tracker/Item%20Tracker/Bean%20Bag/ssw.png,"IDR 300,000.00",Wishlist
Aromatic Candle - Eucalyptus Mint,Home Furniture,Biar rileks,Item%20Tracker/Item%20Tracker/Aromatic%20Candle%20-%20Eucalyptus%20Mint/New_ListingEUCALYPTUS_MINT_Candle_BATH__BODY_WORKS_White_Barn_14_5_oz_Large_3-Wick_CandleNew_Lis___.jpg,"IDR 600,000.00",Wishlist
Pure Wonder Parfume,Personal,Biar Wangi,Item%20Tracker/Item%20Tracker/Pure%20Wonder%20Parfume/_.jpg,"IDR 815,000.00",Wishlist
New Home at Cairo,Personal,Gak terlalu tinggi,Item%20Tracker/Item%20Tracker/New%20Home%20at%20Cairo/download.jpg,"IDR 1,700,000.00",Wishlist