﻿Name,Claim,Date,Gold Deduction Detail,Gold Deduction Value,PLAYER
Scroll Instagram,,"June 10, 2025",-1641 Gold,1641,Darcia’s (Darcia%E2%80%99s%2020db668bda208122a319ec8371aea9ed.html)
Rebahan,,"June 12, 2025",-1115 Gold,1115,Darcia’s (Darcia%E2%80%99s%2020db668bda208122a319ec8371aea9ed.html)
Lot of Sugar,,"June 10, 2025",-1321 Gold,1321,Darcia’s (Darcia%E2%80%99s%2020db668bda208122a319ec8371aea9ed.html)
,,,-1048 Gold,1048,
,,,-1980 Gold,1980,
,,,-1061 Gold,1061,
,,,-1482 Gold,1482,
"Scroll Instagram ",,"June 11, 2025",-1169 Gold,1169,Darcia’s (Darcia%E2%80%99s%2020db668bda208122a319ec8371aea9ed.html)
"Lot of Sugar ",,"June 13, 2025",-1427 Gold,1427,Darcia’s (Darcia%E2%80%99s%2020db668bda208122a319ec8371aea9ed.html)
"Scroll Instagram  ",,"June 12, 2025",-1410 Gold,1410,Darcia’s (Darcia%E2%80%99s%2020db668bda208122a319ec8371aea9ed.html)
"Rebahan ",,"June 16, 2025",-1708 Gold,1708,Darcia’s (Darcia%E2%80%99s%2020db668bda208122a319ec8371aea9ed.html)
"Scroll Instagram   ",,"June 13, 2025",-1134 Gold,1134,Darcia’s (Darcia%E2%80%99s%2020db668bda208122a319ec8371aea9ed.html)
"Scroll Instagram    ",,"June 14, 2025",-1315 Gold,1315,Darcia’s (Darcia%E2%80%99s%2020db668bda208122a319ec8371aea9ed.html)
"Lot of Sugar  ",,"June 17, 2025",-1898 Gold,1898,Darcia’s (Darcia%E2%80%99s%2020db668bda208122a319ec8371aea9ed.html)
"Scroll Instagram     ",,"June 16, 2025",-1158 Gold,1158,Darcia’s (Darcia%E2%80%99s%2020db668bda208122a319ec8371aea9ed.html)
"Scroll Instagram      ",,"June 17, 2025",-1578 Gold,1578,Darcia’s (Darcia%E2%80%99s%2020db668bda208122a319ec8371aea9ed.html)
"Rebahan  ",,"June 20, 2025",-1532 Gold,1532,Darcia’s (Darcia%E2%80%99s%2020db668bda208122a319ec8371aea9ed.html)
"Scroll Instagram       ",,"June 18, 2025",-1107 Gold,1107,Darcia’s (Darcia%E2%80%99s%2020db668bda208122a319ec8371aea9ed.html)
"Lot of Sugar   ",,"June 18, 2025",-1679 Gold,1679,Darcia’s (Darcia%E2%80%99s%2020db668bda208122a319ec8371aea9ed.html)
"Scroll Instagram        ",,"June 20, 2025",-1837 Gold,1837,Darcia’s (Darcia%E2%80%99s%2020db668bda208122a319ec8371aea9ed.html)
"Lot of Sugar    ",,"June 20, 2025",-1133 Gold,1133,Darcia’s (Darcia%E2%80%99s%2020db668bda208122a319ec8371aea9ed.html)
"Scroll Instagram         ",,"June 20, 2025",-1798 Gold,1798,Darcia’s (Darcia%E2%80%99s%2020db668bda208122a319ec8371aea9ed.html)
"Lot of Sugar     ",,"June 24, 2025",-1515 Gold,1515,Darcia’s (Darcia%E2%80%99s%2020db668bda208122a319ec8371aea9ed.html)
"Rebahan   ",,"June 24, 2025",-1649 Gold,1649,Darcia’s (Darcia%E2%80%99s%2020db668bda208122a319ec8371aea9ed.html)
"Scroll Instagram          ",,"June 24, 2025",-1437 Gold,1437,Darcia’s (Darcia%E2%80%99s%2020db668bda208122a319ec8371aea9ed.html)
"Lot of Sugar      ",,"June 28, 2025",-1352 Gold,1352,Darcia’s (Darcia%E2%80%99s%2020db668bda208122a319ec8371aea9ed.html)
"Scroll Instagram           ",,"June 25, 2025",-1390 Gold,1390,Darcia’s (Darcia%E2%80%99s%2020db668bda208122a319ec8371aea9ed.html)
"Rebahan    ",,"July 1, 2025",-1960 Gold,1960,Darcia’s (Darcia%E2%80%99s%2020db668bda208122a319ec8371aea9ed.html)
"Scroll Instagram            ",,"June 28, 2025",-1316 Gold,1316,Darcia’s (Darcia%E2%80%99s%2020db668bda208122a319ec8371aea9ed.html)
"Scroll Instagram             ",,"July 1, 2025",-1055 Gold,1055,Darcia’s (Darcia%E2%80%99s%2020db668bda208122a319ec8371aea9ed.html)
"Lot of Sugar       ",,"July 1, 2025",-1430 Gold,1430,Darcia’s (Darcia%E2%80%99s%2020db668bda208122a319ec8371aea9ed.html)
"Lot of Sugar        ",,"July 3, 2025",-1968 Gold,1968,Darcia’s (Darcia%E2%80%99s%2020db668bda208122a319ec8371aea9ed.html)
"Scroll Instagram              ",,"July 3, 2025",-1446 Gold,1446,Darcia’s (Darcia%E2%80%99s%2020db668bda208122a319ec8371aea9ed.html)
"Rebahan     ",,"July 3, 2025",-1626 Gold,1626,Darcia’s (Darcia%E2%80%99s%2020db668bda208122a319ec8371aea9ed.html)
"Scroll Instagram               ",,"July 8, 2025",-1653 Gold,1653,Darcia’s (Darcia%E2%80%99s%2020db668bda208122a319ec8371aea9ed.html)
"Lot of Sugar         ",,"July 8, 2025",-1135 Gold,1135,Darcia’s (Darcia%E2%80%99s%2020db668bda208122a319ec8371aea9ed.html)
"Rebahan      ",,"July 8, 2025",-1278 Gold,1278,Darcia’s (Darcia%E2%80%99s%2020db668bda208122a319ec8371aea9ed.html)
"Rebahan       ",,"July 31, 2025",-2013 Gold,2013,Darcia’s (Darcia%E2%80%99s%2020db668bda208122a319ec8371aea9ed.html)
"Lot of Sugar          ",,"July 8, 2025",-1339 Gold,1339,Darcia’s (Darcia%E2%80%99s%2020db668bda208122a319ec8371aea9ed.html)
"Lot of Sugar           ",,"July 31, 2025",-1038 Gold,1038,Darcia’s (Darcia%E2%80%99s%2020db668bda208122a319ec8371aea9ed.html)
"Scroll Instagram                ",,"July 31, 2025",-1870 Gold,1870,Darcia’s (Darcia%E2%80%99s%2020db668bda208122a319ec8371aea9ed.html)
"Scroll Instagram                 ",,"August 16, 2025",-1456 Gold,1456,Darcia’s (Darcia%E2%80%99s%2020db668bda208122a319ec8371aea9ed.html)
"Lot of Sugar            ",,"August 16, 2025",-1959 Gold,1959,Darcia’s (Darcia%E2%80%99s%2020db668bda208122a319ec8371aea9ed.html)
"Rebahan        ",,"August 16, 2025",-2003 Gold,2003,Darcia’s (Darcia%E2%80%99s%2020db668bda208122a319ec8371aea9ed.html)
"Rebahan         ",,"August 16, 2025",-1970 Gold,1970,Darcia’s (Darcia%E2%80%99s%2020db668bda208122a319ec8371aea9ed.html)
"Lot of Sugar             ",,"August 16, 2025",-1973 Gold,1973,Darcia’s (Darcia%E2%80%99s%2020db668bda208122a319ec8371aea9ed.html)
"Scroll Instagram                  ",,"August 16, 2025",-1110 Gold,1110,Darcia’s (Darcia%E2%80%99s%2020db668bda208122a319ec8371aea9ed.html)
"Rebahan          ",,"August 16, 2025",-1714 Gold,1714,Darcia’s (Darcia%E2%80%99s%2020db668bda208122a319ec8371aea9ed.html)
"Lot of Sugar              ",,"August 22, 2025",-1186 Gold,1186,Darcia’s (Darcia%E2%80%99s%2020db668bda208122a319ec8371aea9ed.html)
"Scroll Instagram                   ",,"August 22, 2025",-1210 Gold,1210,Darcia’s (Darcia%E2%80%99s%2020db668bda208122a319ec8371aea9ed.html)
"Rebahan           ",,"August 22, 2025",-1387 Gold,1387,Darcia’s (Darcia%E2%80%99s%2020db668bda208122a319ec8371aea9ed.html)
"Rebahan            ",,"August 28, 2025",-1344 Gold,1344,Darcia’s (Darcia%E2%80%99s%2020db668bda208122a319ec8371aea9ed.html)
"Scroll Instagram                    ",,"August 23, 2025",-1183 Gold,1183,Darcia’s (Darcia%E2%80%99s%2020db668bda208122a319ec8371aea9ed.html)
"Lot of Sugar               ",,"August 28, 2025",-1755 Gold,1755,Darcia’s (Darcia%E2%80%99s%2020db668bda208122a319ec8371aea9ed.html)
"Scroll Instagram                     ",,"August 28, 2025",-1601 Gold,1601,Darcia’s (Darcia%E2%80%99s%2020db668bda208122a319ec8371aea9ed.html)
"Scroll Instagram                      ",,"August 28, 2025",-1997 Gold,1997,Darcia’s (Darcia%E2%80%99s%2020db668bda208122a319ec8371aea9ed.html)
"Lot of Sugar                ",,"August 28, 2025",-1361 Gold,1361,Darcia’s (Darcia%E2%80%99s%2020db668bda208122a319ec8371aea9ed.html)
"Rebahan             ",,"August 28, 2025",-1322 Gold,1322,Darcia’s (Darcia%E2%80%99s%2020db668bda208122a319ec8371aea9ed.html)
"Rebahan              ",,"August 28, 2025",-1734 Gold,1734,Darcia’s (Darcia%E2%80%99s%2020db668bda208122a319ec8371aea9ed.html)
"Rebahan               ",,"November 9, 2025",-1435 Gold,1435,Darcia’s (Darcia%E2%80%99s%2020db668bda208122a319ec8371aea9ed.html)
"Lot of Sugar                 ",,"November 9, 2025",-1436 Gold,1436,Darcia’s (Darcia%E2%80%99s%2020db668bda208122a319ec8371aea9ed.html)
"Scroll Instagram                       ",,"November 9, 2025",-1812 Gold,1812,Darcia’s (Darcia%E2%80%99s%2020db668bda208122a319ec8371aea9ed.html)
"Scroll Instagram                        ",,"December 23, 2025",-1094 Gold,1094,Darcia’s (Darcia%E2%80%99s%2020db668bda208122a319ec8371aea9ed.html)
"Lot of Sugar                  ",,,-1057 Gold,1057,
"Rebahan                ",,"December 23, 2025",-1568 Gold,1568,Darcia’s (Darcia%E2%80%99s%2020db668bda208122a319ec8371aea9ed.html)
"Rebahan                 ",,,-1840 Gold,1840,
"Scroll Instagram                         ",,,-1328 Gold,1328,