﻿Name,Date,PLAYER,Price Detail,Price Value,Purchase
Beli Samyang,"June 16, 2025",Darcia’s (Player%20Profile/Player%20Profile/Darcia%E2%80%99s%2020db668bda208122a319ec8371aea9ed.html),-1438 Gold,1438,
Beli Martabak,"June 12, 2025",Darcia’s (Player%20Profile/Player%20Profile/Darcia%E2%80%99s%2020db668bda208122a319ec8371aea9ed.html),-1643 Gold,1643,
"Beli Boba ","June 10, 2025",Darcia’s (Player%20Profile/Player%20Profile/Darcia%E2%80%99s%2020db668bda208122a319ec8371aea9ed.html),-1600 Gold,1600,
"Beli Boba  ","June 12, 2025",Darcia’s (Player%20Profile/Player%20Profile/Darcia%E2%80%99s%2020db668bda208122a319ec8371aea9ed.html),-2049 Gold,2049,
"Beli Martabak ","June 12, 2025",Darcia’s (Player%20Profile/Player%20Profile/Darcia%E2%80%99s%2020db668bda208122a319ec8371aea9ed.html),-2182 Gold,2182,
"Beli Boba   ","June 13, 2025",Darcia’s (Player%20Profile/Player%20Profile/Darcia%E2%80%99s%2020db668bda208122a319ec8371aea9ed.html),-2147 Gold,2147,
"Beli Martabak  ","June 21, 2025",Darcia’s (Player%20Profile/Player%20Profile/Darcia%E2%80%99s%2020db668bda208122a319ec8371aea9ed.html),-1613 Gold,1613,
"Beli Boba    ","June 14, 2025",Darcia’s (Player%20Profile/Player%20Profile/Darcia%E2%80%99s%2020db668bda208122a319ec8371aea9ed.html),-2007 Gold,2007,
"Beli Boba     ","June 16, 2025",Darcia’s (Player%20Profile/Player%20Profile/Darcia%E2%80%99s%2020db668bda208122a319ec8371aea9ed.html),-2043 Gold,2043,
"Beli Boba      ","June 16, 2025",Darcia’s (Player%20Profile/Player%20Profile/Darcia%E2%80%99s%2020db668bda208122a319ec8371aea9ed.html),-1328 Gold,1328,
"Beli Samyang ","June 18, 2025",Darcia’s (Player%20Profile/Player%20Profile/Darcia%E2%80%99s%2020db668bda208122a319ec8371aea9ed.html),-1795 Gold,1795,
"Beli Boba       ","June 16, 2025",Darcia’s (Player%20Profile/Player%20Profile/Darcia%E2%80%99s%2020db668bda208122a319ec8371aea9ed.html),-2093 Gold,2093,
"Beli Boba        ","June 20, 2025",Darcia’s (Player%20Profile/Player%20Profile/Darcia%E2%80%99s%2020db668bda208122a319ec8371aea9ed.html),-1574 Gold,1574,
"Beli Samyang  ","June 22, 2025",Darcia’s (Player%20Profile/Player%20Profile/Darcia%E2%80%99s%2020db668bda208122a319ec8371aea9ed.html),-1624 Gold,1624,
"Beli Boba         ","June 21, 2025",Darcia’s (Player%20Profile/Player%20Profile/Darcia%E2%80%99s%2020db668bda208122a319ec8371aea9ed.html),-1718 Gold,1718,
"Beli Boba          ","June 24, 2025",Darcia’s (Player%20Profile/Player%20Profile/Darcia%E2%80%99s%2020db668bda208122a319ec8371aea9ed.html),-1911 Gold,1911,
"Beli Martabak   ","August 16, 2025",Darcia’s (Player%20Profile/Player%20Profile/Darcia%E2%80%99s%2020db668bda208122a319ec8371aea9ed.html),-1891 Gold,1891,
"Beli Samyang   ","June 24, 2025",Darcia’s (Player%20Profile/Player%20Profile/Darcia%E2%80%99s%2020db668bda208122a319ec8371aea9ed.html),-1294 Gold,1294,
"Beli Boba           ","June 24, 2025",Darcia’s (Player%20Profile/Player%20Profile/Darcia%E2%80%99s%2020db668bda208122a319ec8371aea9ed.html),-1233 Gold,1233,
"Beli Samyang    ","June 25, 2025",Darcia’s (Player%20Profile/Player%20Profile/Darcia%E2%80%99s%2020db668bda208122a319ec8371aea9ed.html),-1426 Gold,1426,
"Beli Boba            ","June 24, 2025",Darcia’s (Player%20Profile/Player%20Profile/Darcia%E2%80%99s%2020db668bda208122a319ec8371aea9ed.html),-2004 Gold,2004,
"Beli Boba             ","June 25, 2025",Darcia’s (Player%20Profile/Player%20Profile/Darcia%E2%80%99s%2020db668bda208122a319ec8371aea9ed.html),-1778 Gold,1778,
"Beli Samyang     ","June 28, 2025",Darcia’s (Player%20Profile/Player%20Profile/Darcia%E2%80%99s%2020db668bda208122a319ec8371aea9ed.html),-1386 Gold,1386,
"Beli Boba              ","June 28, 2025",Darcia’s (Player%20Profile/Player%20Profile/Darcia%E2%80%99s%2020db668bda208122a319ec8371aea9ed.html),-1205 Gold,1205,
"Beli Samyang      ","July 1, 2025",Darcia’s (Player%20Profile/Player%20Profile/Darcia%E2%80%99s%2020db668bda208122a319ec8371aea9ed.html),-1409 Gold,1409,
"Beli Boba               ","July 1, 2025",Darcia’s (Player%20Profile/Player%20Profile/Darcia%E2%80%99s%2020db668bda208122a319ec8371aea9ed.html),-1362 Gold,1362,
"Beli Boba                ","July 3, 2025",Darcia’s (Player%20Profile/Player%20Profile/Darcia%E2%80%99s%2020db668bda208122a319ec8371aea9ed.html),-1693 Gold,1693,
"Beli Samyang       ","July 3, 2025",Darcia’s (Player%20Profile/Player%20Profile/Darcia%E2%80%99s%2020db668bda208122a319ec8371aea9ed.html),-1547 Gold,1547,
"Beli Boba                 ","July 8, 2025",Darcia’s (Player%20Profile/Player%20Profile/Darcia%E2%80%99s%2020db668bda208122a319ec8371aea9ed.html),-1481 Gold,1481,
"Beli Samyang        ","July 8, 2025",Darcia’s (Player%20Profile/Player%20Profile/Darcia%E2%80%99s%2020db668bda208122a319ec8371aea9ed.html),-1419 Gold,1419,
"Beli Boba                  ","July 8, 2025",Darcia’s (Player%20Profile/Player%20Profile/Darcia%E2%80%99s%2020db668bda208122a319ec8371aea9ed.html),-1266 Gold,1266,
"Beli Boba                   ","August 16, 2025",Darcia’s (Player%20Profile/Player%20Profile/Darcia%E2%80%99s%2020db668bda208122a319ec8371aea9ed.html),-1613 Gold,1613,
"Beli Samyang         ","August 22, 2025",Darcia’s (Player%20Profile/Player%20Profile/Darcia%E2%80%99s%2020db668bda208122a319ec8371aea9ed.html),-1956 Gold,1956,
"Beli Boba                    ","August 28, 2025",Darcia’s (Player%20Profile/Player%20Profile/Darcia%E2%80%99s%2020db668bda208122a319ec8371aea9ed.html),-1455 Gold,1455,
"Beli Martabak    ","October 22, 2025",Darcia’s (Player%20Profile/Player%20Profile/Darcia%E2%80%99s%2020db668bda208122a319ec8371aea9ed.html),-2006 Gold,2006,
"Beli Samyang          ","November 9, 2025",Darcia’s (Player%20Profile/Player%20Profile/Darcia%E2%80%99s%2020db668bda208122a319ec8371aea9ed.html),-1482 Gold,1482,
"Beli Boba                     ","October 22, 2025",Darcia’s (Player%20Profile/Player%20Profile/Darcia%E2%80%99s%2020db668bda208122a319ec8371aea9ed.html),-1634 Gold,1634,
"Beli Boba                      ","November 9, 2025",Darcia’s (Player%20Profile/Player%20Profile/Darcia%E2%80%99s%2020db668bda208122a319ec8371aea9ed.html),-1258 Gold,1258,
"Beli Martabak     ","November 9, 2025",Darcia’s (Player%20Profile/Player%20Profile/Darcia%E2%80%99s%2020db668bda208122a319ec8371aea9ed.html),-1903 Gold,1903,
"Beli Samyang           ","December 23, 2025",Darcia’s (Player%20Profile/Player%20Profile/Darcia%E2%80%99s%2020db668bda208122a319ec8371aea9ed.html),-2123 Gold,2123,
"Beli Boba                       ","November 9, 2025",Darcia’s (Player%20Profile/Player%20Profile/Darcia%E2%80%99s%2020db668bda208122a319ec8371aea9ed.html),-1672 Gold,1672,
"Beli Boba                        ","November 9, 2025",Darcia’s (Player%20Profile/Player%20Profile/Darcia%E2%80%99s%2020db668bda208122a319ec8371aea9ed.html),-2059 Gold,2059,
"Beli Boba                         ","November 9, 2025",Darcia’s (Player%20Profile/Player%20Profile/Darcia%E2%80%99s%2020db668bda208122a319ec8371aea9ed.html),-1340 Gold,1340,
"Beli Boba                          ","December 23, 2025",Darcia’s (Player%20Profile/Player%20Profile/Darcia%E2%80%99s%2020db668bda208122a319ec8371aea9ed.html),-1703 Gold,1703,
"Beli Martabak      ","November 9, 2025",Darcia’s (Player%20Profile/Player%20Profile/Darcia%E2%80%99s%2020db668bda208122a319ec8371aea9ed.html),-1242 Gold,1242,
"Beli Martabak       ",,,-1367 Gold,1367,
"Beli Samyang            ",,,-1990 Gold,1990,
"Beli Boba                           ",,,-2172 Gold,2172,