﻿Content,Due Date
Morning Journal,"May 31, 2025"
Morning Journal,"May 16, 2025"
Morning Journal,"May 19, 2025"
Morning Journal,"April 14, 2025"
Morning Journal,"April 27, 2025"
Morning Journal,"April 18, 2025"
Morning Journal,"May 12, 2025"
Morning Journal,"June 3, 2025"
Morning Journal,"May 17, 2025"
Morning Journal,"April 24, 2025"
Morning Journal,"April 20, 2025"
Morning Journal,"May 26, 2025"
Morning Journal,"May 4, 2025"
Morning Journal,"May 7, 2025"
Morning Journal,"June 1, 2025"
Morning Journal,"May 11, 2025"
Morning Journal,"May 1, 2025"
Morning Journal,"May 27, 2025"
Morning Journal,"June 2, 2025"
Morning Journal,"April 15, 2025"
Morning Journal,"April 9, 2025"
Morning Journal,"April 17, 2025"
Morning Journal,"April 23, 2025"
Morning Journal,"April 12, 2025"
Morning Journal,"June 4, 2025"
Morning Journal,"May 21, 2025"
Morning Journal,"April 6, 2025"
Morning Journal,"May 23, 2025"
Morning Journal,"April 16, 2025"
Morning Journal,"April 22, 2025"
Morning Journal,"May 9, 2025"
Morning Journal,"April 7, 2025"
Morning Journal,"May 13, 2025"
Morning Journal,"April 28, 2025"
Morning Journal,"May 24, 2025"
Morning Journal,"May 14, 2025"
Morning Journal,"May 29, 2025"
Morning Journal,"April 30, 2025"
Morning Journal,"April 19, 2025"
Morning Journal,"May 3, 2025"
Morning Journal,"June 7, 2025"
Morning Journal,"April 5, 2025"
Morning Journal,"April 4, 2025"
Morning Journal,"May 6, 2025"
Morning Journal,"April 26, 2025"
Morning Journal,"April 29, 2025"
Morning Journal,"June 9, 2025"
Morning Journal,"May 30, 2025"
Morning Journal,"May 10, 2025"
Morning Journal,"May 28, 2025"
Morning Journal,"April 13, 2025"
Morning Journal,"June 8, 2025"
Morning Journal,"April 21, 2025"
Morning Journal,"April 8, 2025"
Morning Journal,"May 25, 2025"
Morning Journal,"April 11, 2025"
Morning Journal,"May 3, 2025"
Morning Journal,"June 6, 2025"
Morning Journal,"May 20, 2025"
Morning Journal,"May 22, 2025"
Morning Journal,"May 5, 2025"
Morning Journal,"May 18, 2025"
Morning Journal,"May 8, 2025"
Morning Journal,"May 15, 2025"
Morning Journal,"June 5, 2025"
Morning Journal,"April 10, 2025"
Morning Journal,"April 25, 2025"
Morning Journal,"June 10, 2025"
Morning Journal,"June 11, 2025"
Morning Journal,"June 12, 2025"
Morning Journal,"June 13, 2025"
Morning Journal,"June 14, 2025"
Morning Journal,"June 15, 2025"
Morning Journal,"June 16, 2025"
Morning Journal,"June 17, 2025"
Morning Journal,"June 18, 2025"
Morning Journal,"June 19, 2025"
Morning Journal,"June 20, 2025"
Morning Journal,"June 21, 2025"
Morning Journal,"June 22, 2025"
Morning Journal,"June 23, 2025"
Morning Journal,"June 24, 2025"
Morning Journal,"June 25, 2025"
Morning Journal,"June 26, 2025"
Morning Journal,"June 27, 2025"
Morning Journal,"June 28, 2025"
Morning Journal,"June 29, 2025"
Morning Journal,"June 30, 2025"
Morning Journal,"July 1, 2025"
Morning Journal,"July 2, 2025"
Morning Journal,"July 3, 2025"
Morning Journal,"July 4, 2025"
Morning Journal,"July 5, 2025"
Morning Journal,"July 6, 2025"
Morning Journal,"July 7, 2025"
Morning Journal,"July 8, 2025"
Morning Journal,"July 9, 2025"
Morning Journal,"July 10, 2025"
Morning Journal,"July 11, 2025"
Morning Journal,"July 12, 2025"
Morning Journal,"July 13, 2025"
Morning Journal,"July 14, 2025"
Morning Journal,"July 15, 2025"
Morning Journal,"July 16, 2025"
Morning Journal,"July 17, 2025"
Morning Journal,"July 18, 2025"
Morning Journal,"July 19, 2025"
Morning Journal,"July 20, 2025"
Morning Journal,"July 21, 2025"
Morning Journal,"July 22, 2025"
Morning Journal,"July 23, 2025"
Morning Journal,"July 24, 2025"
Morning Journal,"July 25, 2025"
Morning Journal,"July 26, 2025"
Morning Journal,"July 27, 2025"
Morning Journal,"July 28, 2025"
Morning Journal,"July 29, 2025"
Morning Journal,"July 30, 2025"
Morning Journal,"July 31, 2025"
Morning Journal,"August 1, 2025"
Morning Journal,"August 2, 2025"
Morning Journal,"August 3, 2025"
Morning Journal,"August 4, 2025"
Morning Journal,"August 5, 2025"
Morning Journal,"August 6, 2025"
Morning Journal,"August 7, 2025"
Morning Journal,"August 8, 2025"
Morning Journal,"August 9, 2025"
Morning Journal,"August 10, 2025"
Morning Journal,"August 11, 2025"
Morning Journal,"August 12, 2025"
Morning Journal,"August 13, 2025"
Morning Journal,"August 14, 2025"
Morning Journal,"August 15, 2025"
Morning Journal,"August 16, 2025"
Morning Journal,"August 17, 2025"
Morning Journal,"August 18, 2025"
Morning Journal,"August 19, 2025"
Morning Journal,"August 20, 2025"
Morning Journal,"August 21, 2025"
Morning Journal,"August 22, 2025"
Morning Journal,"August 23, 2025"
Morning Journal,"August 24, 2025"
Morning Journal,"August 25, 2025"
Morning Journal,"August 26, 2025"
Morning Journal,"August 27, 2025"
Morning Journal,"August 28, 2025"
Morning Journal,"August 29, 2025"
Morning Journal,"August 30, 2025"
Morning Journal,"August 31, 2025"
Morning Journal,"September 1, 2025"
Morning Journal,"September 2, 2025"
Morning Journal,"September 3, 2025"
Morning Journal,"September 4, 2025"
Morning Journal,"September 5, 2025"
Morning Journal,"September 6, 2025"
Morning Journal,"September 7, 2025"
Morning Journal,"September 8, 2025"
Morning Journal,"September 9, 2025"
Morning Journal,"September 10, 2025"
Morning Journal,"September 11, 2025"
Morning Journal,"September 12, 2025"
Morning Journal,"September 13, 2025"
Morning Journal,"September 14, 2025"
Morning Journal,"September 15, 2025"
Morning Journal,"September 16, 2025"
Morning Journal,"September 17, 2025"
Morning Journal,"September 18, 2025"
Morning Journal,"September 19, 2025"
Morning Journal,"September 20, 2025"
Morning Journal,"September 21, 2025"
Morning Journal,"September 22, 2025"
Morning Journal,"September 23, 2025"
Morning Journal,"September 24, 2025"
Morning Journal,"September 25, 2025"
Morning Journal,"September 26, 2025"
Morning Journal,"September 27, 2025"
Morning Journal,"September 28, 2025"
Morning Journal,"September 29, 2025"
Morning Journal,"September 30, 2025"
Morning Journal,"October 1, 2025"
Morning Journal,"October 2, 2025"
Morning Journal,"October 3, 2025"
Morning Journal,"October 4, 2025"
Morning Journal,"October 5, 2025"
Morning Journal,"October 6, 2025"
Morning Journal,"October 7, 2025"
Morning Journal,"October 8, 2025"
Morning Journal,"October 9, 2025"
Morning Journal,"October 10, 2025"
Morning Journal,"October 11, 2025"
Morning Journal,"October 12, 2025"
Morning Journal,"October 13, 2025"
Morning Journal,"October 14, 2025"
Morning Journal,"October 15, 2025"
Morning Journal,"October 16, 2025"
Morning Journal,"October 17, 2025"
Morning Journal,"October 18, 2025"
Morning Journal,"October 19, 2025"
Morning Journal,"October 20, 2025"
Morning Journal,"October 21, 2025"
Morning Journal,"October 22, 2025"
Morning Journal,"October 23, 2025"
Morning Journal,"October 24, 2025"
Morning Journal,"October 25, 2025"
Morning Journal,"October 26, 2025"
Morning Journal,"October 27, 2025"
Morning Journal,"October 28, 2025"
Morning Journal,"October 29, 2025"
Morning Journal,"October 30, 2025"
Morning Journal,"October 31, 2025"
Morning Journal,"November 1, 2025"
Morning Journal,"November 2, 2025"
Morning Journal,"November 3, 2025"
Morning Journal,"November 4, 2025"
Morning Journal,"November 5, 2025"
Morning Journal,"November 6, 2025"
Morning Journal,"November 7, 2025"
Morning Journal,"November 8, 2025"
Morning Journal,"November 9, 2025"
Morning Journal,"November 10, 2025"
Morning Journal,"November 11, 2025"
Morning Journal,"November 12, 2025"
Morning Journal,"November 13, 2025"
Morning Journal,"November 14, 2025"
Morning Journal,"November 15, 2025"
Morning Journal,"November 16, 2025"
Morning Journal,"November 17, 2025"
Morning Journal,"November 18, 2025"
Morning Journal,"November 19, 2025"
Morning Journal,"November 20, 2025"
Morning Journal,"November 21, 2025"
Morning Journal,"November 22, 2025"
Morning Journal,"November 23, 2025"
Morning Journal,"November 24, 2025"
Morning Journal,"November 25, 2025"
Morning Journal,"November 26, 2025"
Morning Journal,"November 27, 2025"
Morning Journal,"November 28, 2025"
Morning Journal,"November 29, 2025"
Morning Journal,"November 30, 2025"
Morning Journal,"December 1, 2025"
Morning Journal,"December 2, 2025"
Morning Journal,"December 3, 2025"
Morning Journal,"December 4, 2025"
Morning Journal,"December 5, 2025"
Morning Journal,"December 6, 2025"
Morning Journal,"December 7, 2025"
Morning Journal,"December 8, 2025"
Morning Journal,"December 9, 2025"
Morning Journal,"December 10, 2025"
Morning Journal,"December 11, 2025"
Morning Journal,"December 12, 2025"
Morning Journal,"December 13, 2025"
Morning Journal,"December 14, 2025"
Morning Journal,"December 15, 2025"
Morning Journal,"December 16, 2025"
Morning Journal,"December 17, 2025"
Morning Journal,"December 18, 2025"
Morning Journal,"December 19, 2025"
Morning Journal,"December 20, 2025"
Morning Journal,"December 21, 2025"
Morning Journal,"December 22, 2025"
Morning Journal,"December 23, 2025"
Morning Journal,"December 24, 2025"