﻿Title,Class,Content Related,Date,Language,Source,Status,Subject,Topic,Type
AIGYPT Batch 1,CEO & Leader! (Resources/Main%20Database/Gamification/Player%20Profile/Class/CEO%20&%20Leader!%2020db668bda208129a582c1fdd20d6ba1.html),,"June 9, 2025",,,Projects,,Productivity,Ideas
Temantiket More Bigger!,,,"June 9, 2025",,,Projects,,Productivity,Ideas
Cara Berbicara Dengan Diri Sendiri,CEO & Leader! (Resources/Main%20Database/Gamification/Player%20Profile/Class/CEO%20&%20Leader!%2020db668bda208129a582c1fdd20d6ba1.html),,"June 9, 2025",Indonesia,,Article,,,New Insight
"Yang Bikin Kita Kecanduan Bukan Narkobanya, Tapi Kesepian.",,,"June 10, 2025",Indonesia,,Article,,Knowledge Vault,New Insight
💣 Bukan Cuma Virus. Ini Cermin Buat Hidup & Bisnis,CEO & Leader! (Resources/Main%20Database/Gamification/Player%20Profile/Class/CEO%20&%20Leader!%2020db668bda208129a582c1fdd20d6ba1.html),,"June 11, 2025",,,Article,,,New Insight
Materi AIGYPT Trial Mode,,,"June 11, 2025",,,Draft,,,Ideas
Strategi Pre-Mortem: Seni Mikir Satu Langkah di Depan Kegagalan🧠,,,"June 14, 2025",,,Article,,,New Insight
Rahasia Jadi Pede Meski Lagi Gugup Parah ⚓🔥,,,"June 15, 2025",,,Article,,,New Insight
Cara Jadi Mental Tangguh Tanpa Drama 🎭💪,,,"June 16, 2025",,,Article,,,New Insight
AIGYPT Prompt Image Notion,,,"June 17, 2025",,,Draft,,,
"Jangan Sampe ""Belum Siap"" Jadi Rem Hidup!",,,"June 17, 2025",,,Article,,,
"Seni ""Mencoba"": Setiap Langkah Kecil Adalah Kemenangan Besar!",,,"June 18, 2025",,,Article,,,
Cara Upgrade Otak yang Harusnya Diajarkan di Sekolah! 🧠⚡,,,"June 18, 2025",,,Article,,,
Kontak Relasi,,,"June 28, 2025",,,Draft,,,
Asset Digital Travel,,,"June 28, 2025",,,Draft,,,
How to use ChatGPT,,,"July 3, 2025",,,Draft,,,
Evaluasi AIGYPT Batch 1,,,"July 4, 2025",,,Projects,,,Ideas
Game AIGYPT Batch 1,,,"July 9, 2025",,,Draft,,,
AIGYPT GPT Subscribe!,,,"October 1, 2025",,,Projects,,,
Materi AIGYPT Introduction,,,"October 30, 2025",,,Projects,,,
Materi Sumber Artikel AIGYPT,,,"October 31, 2025",,,Projects,,,
Daftar Belanja,,,"November 4, 2025",,,Notes,,,
Materi AIGYPT Prompt,,,"November 5, 2025",,,Projects,,,
GitHub Noted Repo!,,,"December 9, 2025",,,Draft,,,
Lovable Subscribe!,,,"December 20, 2025",,,Draft,,,
Tugas Head of AINA,,,"December 22, 2025",,,Notes,,,